{
    "acts": [
        {
            "id": "c9b294b8-c71d-441e-9d8f-ef57a464e0ce",
            "typeId": "act",
            "functionalId": "ChargeAndCollect",
            "label": "charge and collect",
            "actorId": "StateCosmetologyAndBarberBoard",
            "actionId": "charge",
            "objectId": "Fees",
            "recipientId": "ApplicantsAndLicensees",
            "precondition": {
                "isNegated": "false",
                "operatorToJoinChildren": "and",
                "children": [
                    {
                        "isNegated": "false",
                        "frame": "ApplicationSubmission",
                        "operatorToJoinChildren": "and"
                    },
                    {
                        "isNegated": "false",
                        "frame": "LicenseIssuanceOrRenewal",
                        "operatorToJoinChildren": "and"
                    }
                ]
            },
            "terminates": [
                {
                    "frame": "chargeAndCollectFees"
                }
            ],
            "annotations": [
                {
                    "snippets": [
                        {
                            "sourceId": "docorc_applying",
                            "sectionId": "orc_4709.12",
                            "text": "charge and collect",
                            "characterRange": [
                                {
                                    "startOffset": 49,
                                    "endOffset": 67
                                }
                            ]
                        }
                    ]
                }
            ]
        },
        {
            "id": "15ad5023-67bc-46aa-af47-2bf786adb541",
            "typeId": "act",
            "functionalId": "AdjustTheFees",
            "label": "adjust the fees",
            "actorId": "Board",
            "actionId": "adjust",
            "objectId": "Fees",
            "recipientId": "Licensees",
            "precondition": {
                "isNegated": "false",
                "operatorToJoinChildren": "and",
                "children": [
                    {
                        "isNegated": "false",
                        "frame": "BiennialReview",
                        "operatorToJoinChildren": "and"
                    },
                    {
                        "isNegated": "false",
                        "frame": "RevenueRequirements",
                        "operatorToJoinChildren": "and"
                    }
                ]
            },
            "terminates": [
                {
                    "frame": "adjustFeesBiennially"
                }
            ],
            "annotations": [
                {
                    "snippets": [
                        {
                            "sourceId": "docorc_applying",
                            "sectionId": "orc_4709.12",
                            "text": "adjust the fees",
                            "characterRange": [
                                {
                                    "startOffset": 2381,
                                    "endOffset": 2396
                                }
                            ]
                        }
                    ]
                }
            ]
        },
        {
            "id": "95352ba6-4dde-4fa9-90f4-bbd146cbe089",
            "typeId": "act",
            "functionalId": "EstablishFees",
            "label": "establish fees",
            "actorId": "Board",
            "actionId": "establish",
            "objectId": "Fees",
            "recipientId": "Licensees",
            "precondition": {
                "isNegated": "false",
                "operatorToJoinChildren": "and",
                "children": [
                    {
                        "isNegated": "false",
                        "frame": "ControllingBoardApproval",
                        "operatorToJoinChildren": "and"
                    },
                    {
                        "isNegated": "false",
                        "frame": "FeeLimits",
                        "operatorToJoinChildren": "and"
                    }
                ]
            },
            "creates": [
                {
                    "frame": "establishFeesInExcess"
                }
            ],
            "annotations": [
                {
                    "snippets": [
                        {
                            "sourceId": "docorc_applying",
                            "sectionId": "orc_4709.12",
                            "text": "establish fees",
                            "characterRange": [
                                {
                                    "startOffset": 2604,
                                    "endOffset": 2618
                                }
                            ]
                        }
                    ]
                }
            ]
        },
        {
            "id": "0128bf70-80f4-4fff-a304-a378207011a1",
            "typeId": "act",
            "functionalId": "ExtendPaymentDueDate",
            "label": "extend the date payment is due",
            "actorId": "Board",
            "actionId": "extend",
            "objectId": "PaymentDueDate",
            "recipientId": "Licensees",
            "precondition": {
                "isNegated": "false",
                "operatorToJoinChildren": "and",
                "children": [
                    {
                        "isNegated": "false",
                        "frame": "TemporaryInabilityToPay",
                        "operatorToJoinChildren": "and"
                    },
                    {
                        "isNegated": "false",
                        "frame": "BoardDiscretion",
                        "operatorToJoinChildren": "and"
                    }
                ]
            },
            "terminates": [
                {
                    "frame": "extendPaymentDueDate"
                }
            ],
            "annotations": [
                {
                    "snippets": [
                        {
                            "sourceId": "docorc_applying",
                            "sectionId": "orc_4709.12",
                            "text": "extend the date payment is due",
                            "characterRange": [
                                {
                                    "startOffset": 2925,
                                    "endOffset": 2955
                                }
                            ]
                        }
                    ]
                }
            ]
        },
        {
            "id": "10a7a489-4e1a-4e89-a4f8-003dc098f388",
            "typeId": "act",
            "functionalId": "CertifyAmountToAttorneyGeneral",
            "label": "certify the amount to the attorney general",
            "actorId": "Board",
            "actionId": "certify",
            "objectId": "UnpaidFee",
            "recipientId": "AttorneyGeneral",
            "precondition": {
                "isNegated": "false",
                "operatorToJoinChildren": "and",
                "children": [
                    {
                        "isNegated": "false",
                        "frame": "UnpaidFee",
                        "operatorToJoinChildren": "and"
                    },
                    {
                        "isNegated": "false",
                        "frame": "PaymentDueDatePassed",
                        "operatorToJoinChildren": "and"
                    }
                ]
            },
            "creates": [
                {
                    "frame": "certifyAmountToAttorneyGeneral"
                }
            ],
            "annotations": []
        }
    ],
    "facts": [
        {
            "typeId": "fact",
            "functionalId": "ApplicationSubmission",
            "label": "The individual must submit a completed application form;",
            "annotations": [],
            "subdivision": {
                "isNegated": "false",
                "operatorToJoinChildren": "and"
            },
            "id": "2c1a9da7-1880-4ca1-9a4f-a1ee613a917f"
        },
        {
            "typeId": "fact",
            "functionalId": "LicenseIssuanceOrRenewal",
            "label": "The board shall issue a license to practice as a barber for a fee of not more than thirty dollars.",
            "annotations": [],
            "subdivision": {
                "isNegated": false,
                "operatorToJoinChildren": "and",
                "children": [
                    {
                        "isNegated": false,
                        "frame": "RevenueRequirements",
                        "operatorToJoinChildren": "and"
                    },
                    {
                        "isNegated": false,
                        "frame": "ControllingBoardApproval",
                        "operatorToJoinChildren": "and"
                    },
                    {
                        "isNegated": false,
                        "frame": "FeeLimits",
                        "operatorToJoinChildren": "and"
                    }
                ]
            },
            "id": "1ab5fb48-feac-42a0-bb2f-34d2739d018d"
        },
        {
            "typeId": "fact",
            "functionalId": "LicenseIssuanceOrRenewal",
            "label": "The board shall renew a license to practice as a barber for a fee of not more than one hundred ten dollars, and a biennial barber shop license for a fee of not more than seventy-five dollars.",
            "annotations": [],
            "subdivision": {
                "isNegated": false,
                "operatorToJoinChildren": "and",
                "children": [
                    {
                        "isNegated": false,
                        "frame": "RevenueRequirements",
                        "operatorToJoinChildren": "and"
                    },
                    {
                        "isNegated": false,
                        "frame": "ControllingBoardApproval",
                        "operatorToJoinChildren": "and"
                    },
                    {
                        "isNegated": false,
                        "frame": "FeeLimits",
                        "operatorToJoinChildren": "and"
                    }
                ]
            },
            "id": "449a3aa4-fd9d-4ef8-832e-d9e929549664"
        },
        {
            "typeId": "fact",
            "functionalId": "BiennialReview",
            "label": "The board shall adjust the fees biennially, by rule, to provide sufficient revenues to meet its expenses.",
            "annotations": [
                {
                    "snippets": [
                        {
                            "sourceId": "docorc_applying",
                            "sectionId": "orc_4709.12",
                            "text": "The board shall adjust the fees biennially, by rule, to provide sufficient revenues to meet its expenses.",
                            "characterRange": [
                                {
                                    "startOffset": 2365,
                                    "endOffset": 2470
                                }
                            ]
                        }
                    ]
                }
            ],
            "subdivision": {
                "isNegated": "false",
                "operatorToJoinChildren": "and"
            },
            "id": "4715d97b-56da-4501-aea5-dcc27ab9170b"
        },
        {
            "typeId": "fact",
            "functionalId": "RevenueRequirements",
            "label": "The board may establish fees in excess of the amounts provided, up to fifty per cent, subject to approval of the controlling board.",
            "annotations": [],
            "subdivision": {
                "isNegated": false,
                "operatorToJoinChildren": "or",
                "children": [
                    {
                        "isNegated": false,
                        "frame": "TemporaryInabilityToPay",
                        "operatorToJoinChildren": "and"
                    },
                    {
                        "isNegated": false,
                        "frame": "BoardDiscretion",
                        "operatorToJoinChildren": "and"
                    },
                    {
                        "isNegated": false,
                        "frame": "UnpaidFee",
                        "operatorToJoinChildren": "and"
                    },
                    {
                        "isNegated": false,
                        "frame": "PaymentDueDatePassed",
                        "operatorToJoinChildren": "and"
                    }
                ]
            },
            "id": "b919b85b-f4c6-4267-ba19-e4d0f433debf"
        },
        {
            "typeId": "fact",
            "functionalId": "ControllingBoardApproval",
            "label": "The controlling board must approve fees established by the board in excess of the amounts provided.",
            "annotations": [],
            "subdivision": {
                "isNegated": "false",
                "operatorToJoinChildren": "and"
            },
            "id": "66ee6c43-2558-491d-9e38-ae655263d7bb"
        },
        {
            "typeId": "fact",
            "functionalId": "FeeLimits",
            "label": "The state cosmetology and barber board shall charge and collect the following nonrefundable fees:",
            "annotations": [
                {
                    "snippets": [
                        {
                            "sourceId": "docorc_applying",
                            "sectionId": "orc_4709.12",
                            "text": "The state cosmetology and barber board shall charge and collect the following nonrefundable fees:",
                            "characterRange": [
                                {
                                    "startOffset": 4,
                                    "endOffset": 101
                                }
                            ]
                        }
                    ]
                }
            ],
            "subdivision": {
                "isNegated": "false",
                "operatorToJoinChildren": "and"
            },
            "id": "9255b00b-4dbe-4e87-914b-40fd4f77122a"
        },
        {
            "typeId": "fact",
            "functionalId": "TemporaryInabilityToPay",
            "label": "At the request of a person who is temporarily unable to pay a fee imposed under division (A) of this section, or on its own motion, the board may extend the date payment is due by up to ninety days.",
            "annotations": [
                {
                    "snippets": [
                        {
                            "sourceId": "docorc_applying",
                            "sectionId": "orc_4709.12",
                            "text": "At the request of a person who is temporarily unable to pay a fee imposed under division (A) of this section, or on its own motion, the board may extend the date payment is due by up to ninety days.",
                            "characterRange": [
                                {
                                    "startOffset": 2779,
                                    "endOffset": 2977
                                }
                            ]
                        }
                    ]
                }
            ],
            "subdivision": {
                "isNegated": "false",
                "operatorToJoinChildren": "and"
            },
            "id": "7c023aa6-7931-452d-a146-e31a5ddd98eb"
        },
        {
            "typeId": "fact",
            "functionalId": "BoardDiscretion",
            "label": "The board, subject to the approval of the controlling board, may establish fees in excess of the amounts provided in this section, provided that the fees do not exceed the amounts permitted by this section by more than fifty per cent.",
            "annotations": [
                {
                    "snippets": [
                        {
                            "sourceId": "docorc_applying",
                            "sectionId": "orc_4709.12",
                            "text": "The board, subject to the approval of the controlling board, may establish fees in excess of the amounts provided in this section, provided that the fees do not exceed the amounts permitted by this section by more than fifty per cent.",
                            "characterRange": [
                                {
                                    "startOffset": 2539,
                                    "endOffset": 2773
                                }
                            ]
                        }
                    ]
                }
            ],
            "subdivision": {
                "isNegated": "false",
                "operatorToJoinChildren": "and"
            },
            "id": "e079197c-5b51-4bde-8f69-470e749ff0a1"
        },
        {
            "typeId": "fact",
            "functionalId": "UnpaidFee",
            "label": "If the fee remains unpaid after the date payment is due, the amount of the fee shall be certified to the attorney general for collection in the form and manner prescribed by the attorney general.",
            "annotations": [
                {
                    "snippets": [
                        {
                            "sourceId": "docorc_applying",
                            "sectionId": "orc_4709.12",
                            "text": "If the fee remains unpaid after the date payment is due, the amount of the fee shall be certified to the attorney general for collection in the form and manner prescribed by the attorney general.",
                            "characterRange": [
                                {
                                    "startOffset": 2978,
                                    "endOffset": 3173
                                }
                            ]
                        }
                    ]
                }
            ],
            "subdivision": {
                "isNegated": "false",
                "operatorToJoinChildren": "and"
            },
            "id": "528a5598-77ca-4e94-b26c-a081bfaa268c"
        },
        {
            "typeId": "fact",
            "functionalId": "PaymentDueDatePassed",
            "label": "If the fee remains unpaid after the date payment is due,",
            "annotations": [
                {
                    "snippets": [
                        {
                            "sourceId": "docorc_applying",
                            "sectionId": "orc_4709.12",
                            "text": "If the fee remains unpaid after the date payment is due,",
                            "characterRange": [
                                {
                                    "startOffset": 2978,
                                    "endOffset": 3034
                                }
                            ]
                        }
                    ]
                }
            ],
            "subdivision": {
                "isNegated": "false",
                "operatorToJoinChildren": "and"
            },
            "id": "6220401e-6477-442c-be4f-356ef2852400"
        },
        {
            "typeId": "fact",
            "subtypeId": "agent",
            "functionalId": "AttorneyGeneral",
            "label": "attorney general",
            "annotations": [
                {
                    "snippets": [
                        {
                            "sourceId": "docorc_applying",
                            "sectionId": "orc_4709.12",
                            "text": "attorney general",
                            "characterRange": [
                                {
                                    "startOffset": 3083,
                                    "endOffset": 3099
                                }
                            ]
                        }
                    ]
                }
            ],
            "subdivision": {
                "isNegated": "false",
                "operatorToJoinChildren": "and"
            },
            "id": "e4c14cdf-421b-4d95-8598-036e19d14e83"
        },
        {
            "typeId": "fact",
            "subtypeId": "agent",
            "functionalId": "ApplicantsAndLicensees",
            "label": "applicant",
            "annotations": [
                {
                    "snippets": [
                        {
                            "sourceId": "docorc_applying",
                            "sectionId": "orc_4709.12",
                            "text": "applicant",
                            "characterRange": [
                                {
                                    "startOffset": 358,
                                    "endOffset": 367
                                }
                            ]
                        }
                    ]
                }
            ],
            "subdivision": {
                "isNegated": "false",
                "operatorToJoinChildren": "and"
            },
            "id": "b4ab0cd3-00a7-4cbc-8f81-fc2d8c4c1640"
        },
        {
            "typeId": "fact",
            "subtypeId": "agent",
            "functionalId": "Licensees",
            "label": "licensee",
            "annotations": [
                {
                    "snippets": [
                        {
                            "sourceId": "docorc_applying",
                            "sectionId": "orc_4709.12",
                            "text": "licensee",
                            "characterRange": [
                                {
                                    "startOffset": 2144,
                                    "endOffset": 2152
                                }
                            ]
                        }
                    ]
                }
            ],
            "subdivision": {
                "isNegated": "false",
                "operatorToJoinChildren": "and"
            },
            "id": "0de2e7bf-e7dd-4b11-85a6-23ff617020bd"
        },
        {
            "typeId": "fact",
            "subtypeId": "agent",
            "functionalId": "Board",
            "label": "board",
            "annotations": [
                {
                    "snippets": [
                        {
                            "sourceId": "docorc_applying",
                            "sectionId": "orc_4709.12",
                            "text": "board",
                            "characterRange": [
                                {
                                    "startOffset": 37,
                                    "endOffset": 42
                                }
                            ]
                        }
                    ]
                }
            ],
            "subdivision": {
                "isNegated": "false",
                "operatorToJoinChildren": "and"
            },
            "id": "ec514402-6aaa-4b6d-bfd7-6af894873336"
        },
        {
            "typeId": "fact",
            "subtypeId": "agent",
            "functionalId": "StateCosmetologyAndBarberBoard",
            "label": "State cosmetology and barber board",
            "annotations": [
                {
                    "snippets": [
                        {
                            "sourceId": "docorc_applying",
                            "sectionId": "orc_4709.12",
                            "text": "State cosmetology and barber board",
                            "characterRange": [
                                {
                                    "startOffset": 8,
                                    "endOffset": 42
                                }
                            ]
                        }
                    ]
                }
            ],
            "subdivision": {
                "isNegated": "false",
                "operatorToJoinChildren": "and"
            },
            "id": "9831b11a-d472-45d1-9f15-067b81fd879a"
        },
        {
            "typeId": "fact",
            "subtypeId": "action",
            "functionalId": "extend",
            "label": "extend",
            "annotations": [
                {
                    "snippets": [
                        {
                            "sourceId": "docorc_applying",
                            "sectionId": "orc_4709.12",
                            "text": "extend",
                            "characterRange": [
                                {
                                    "startOffset": 2925,
                                    "endOffset": 2931
                                }
                            ]
                        }
                    ]
                }
            ],
            "subdivision": {
                "isNegated": "false",
                "operatorToJoinChildren": "and"
            },
            "id": "9773da2d-ec15-40a0-8d7d-2bce095ae5cb"
        },
        {
            "typeId": "fact",
            "subtypeId": "action",
            "functionalId": "establish",
            "label": "establish",
            "annotations": [
                {
                    "snippets": [
                        {
                            "sourceId": "docorc_applying",
                            "sectionId": "orc_4709.12",
                            "text": "establish",
                            "characterRange": [
                                {
                                    "startOffset": 2436,
                                    "endOffset": 2445
                                }
                            ]
                        }
                    ]
                }
            ],
            "subdivision": {
                "isNegated": "false",
                "operatorToJoinChildren": "and"
            },
            "id": "a8182a9b-d809-4b88-857b-7148d3f4b430"
        },
        {
            "typeId": "fact",
            "subtypeId": "action",
            "functionalId": "adjust",
            "label": "adjust",
            "annotations": [
                {
                    "snippets": [
                        {
                            "sourceId": "docorc_applying",
                            "sectionId": "orc_4709.12",
                            "text": "adjust",
                            "characterRange": [
                                {
                                    "startOffset": 2381,
                                    "endOffset": 2387
                                }
                            ]
                        }
                    ]
                }
            ],
            "subdivision": {
                "isNegated": "false",
                "operatorToJoinChildren": "and"
            },
            "id": "a12e9ce7-b94f-4243-9225-93f40a3c485c"
        },
        {
            "typeId": "fact",
            "subtypeId": "action",
            "functionalId": "charge",
            "label": "charge",
            "annotations": [
                {
                    "snippets": [
                        {
                            "sourceId": "docorc_applying",
                            "sectionId": "orc_4709.12",
                            "text": "charge",
                            "characterRange": [
                                {
                                    "startOffset": 49,
                                    "endOffset": 55
                                }
                            ]
                        }
                    ]
                }
            ],
            "subdivision": {
                "isNegated": "false",
                "operatorToJoinChildren": "and"
            },
            "id": "2eac578d-bfbc-447a-a0ff-a97117ca8ef3"
        },
        {
            "typeId": "fact",
            "subtypeId": "action",
            "functionalId": "certify",
            "label": "certify",
            "annotations": [],
            "subdivision": {
                "isNegated": "false",
                "operatorToJoinChildren": "and"
            },
            "id": "b5bec61a-3cca-46cd-9d33-17eecc07483f"
        },
        {
            "typeId": "fact",
            "subtypeId": "object",
            "functionalId": "UnpaidFee",
            "label": "fee",
            "annotations": [
                {
                    "snippets": [
                        {
                            "sourceId": "docorc_applying",
                            "sectionId": "orc_4709.12",
                            "text": "fee",
                            "characterRange": [
                                {
                                    "startOffset": 96,
                                    "endOffset": 99
                                }
                            ]
                        }
                    ]
                }
            ],
            "subdivision": {
                "isNegated": "false",
                "operatorToJoinChildren": "and"
            },
            "id": "05b62cf8-8e70-4025-9348-1fd3a164686a"
        },
        {
            "typeId": "fact",
            "subtypeId": "object",
            "functionalId": "Fees",
            "label": "fees",
            "annotations": [
                {
                    "snippets": [
                        {
                            "sourceId": "docorc_applying",
                            "sectionId": "orc_4709.12",
                            "text": "fees",
                            "characterRange": [
                                {
                                    "startOffset": 96,
                                    "endOffset": 100
                                }
                            ]
                        }
                    ]
                }
            ],
            "subdivision": {
                "isNegated": "false",
                "operatorToJoinChildren": "and"
            },
            "id": "aefb6069-79ae-48ab-9ea9-2b949350a3de"
        },
        {
            "typeId": "fact",
            "subtypeId": "object",
            "functionalId": "PaymentDueDate",
            "label": "payment is due",
            "annotations": [
                {
                    "snippets": [
                        {
                            "sourceId": "docorc_applying",
                            "sectionId": "orc_4709.12",
                            "text": "payment is due",
                            "characterRange": [
                                {
                                    "startOffset": 2941,
                                    "endOffset": 2955
                                }
                            ]
                        }
                    ]
                }
            ],
            "subdivision": {
                "isNegated": "false",
                "operatorToJoinChildren": "and"
            },
            "id": "a2604bfc-1449-42a7-9058-cef7e26108ce"
        }
    ],
    "duties": [
        {
            "id": "ae678102-9e67-4ac3-b37c-c760fd692774",
            "typeId": "duty",
            "functionalId": "chargeAndCollectFees",
            "label": "shall charge and collect the following nonrefundable fees",
            "dutyHolderId": "StateCosmetologyAndBarberBoard",
            "claimantId": "ApplicantsAndLicensees",
            "annotations": [
                {
                    "snippets": [
                        {
                            "sourceId": "docorc_applying",
                            "sectionId": "orc_4709.12",
                            "text": "shall charge and collect the following nonrefundable fees",
                            "characterRange": [
                                {
                                    "startOffset": 43,
                                    "endOffset": 100
                                }
                            ]
                        }
                    ]
                }
            ]
        },
        {
            "id": "e58f0011-5047-4146-924f-4827bb0d1b49",
            "typeId": "duty",
            "functionalId": "adjustFeesBiennially",
            "label": "shall adjust the fees biennially, by rule, within the limits established by division (A) of this section, to provide sufficient revenues to meet its expenses",
            "dutyHolderId": "Board",
            "claimantId": "Licensees",
            "annotations": [
                {
                    "snippets": [
                        {
                            "sourceId": "docorc_applying",
                            "sectionId": "orc_4709.12",
                            "text": "shall adjust the fees biennially, by rule, within the limits established by division (A) of this section, to provide sufficient revenues to meet its expenses",
                            "characterRange": [
                                {
                                    "startOffset": 2375,
                                    "endOffset": 2532
                                }
                            ]
                        }
                    ]
                }
            ]
        },
        {
            "id": "6e84d527-4c9d-4a92-91ee-9ca86f3019a7",
            "typeId": "duty",
            "functionalId": "extendPaymentDueDate",
            "label": "may extend the date payment is due by up to ninety days",
            "dutyHolderId": "Board",
            "claimantId": "Licensees",
            "annotations": [
                {
                    "snippets": [
                        {
                            "sourceId": "docorc_applying",
                            "sectionId": "orc_4709.12",
                            "text": "may extend the date payment is due by up to ninety days",
                            "characterRange": [
                                {
                                    "startOffset": 2921,
                                    "endOffset": 2976
                                }
                            ]
                        }
                    ]
                }
            ]
        },
        {
            "id": "4092ce1c-b314-4c07-8be5-ecfe3d27eb4e",
            "typeId": "duty",
            "functionalId": "establishFeesInExcess",
            "label": "may establish fees in excess of the amounts provided in this section",
            "dutyHolderId": "Board",
            "claimantId": "Licensees",
            "annotations": [
                {
                    "snippets": [
                        {
                            "sourceId": "docorc_applying",
                            "sectionId": "orc_4709.12",
                            "text": "may establish fees in excess of the amounts provided in this section",
                            "characterRange": [
                                {
                                    "startOffset": 2600,
                                    "endOffset": 2668
                                }
                            ]
                        }
                    ]
                }
            ]
        },
        {
            "id": "c99b5b24-a635-47a8-8b9a-2445bd98832f",
            "typeId": "duty",
            "functionalId": "certifyAmountToAttorneyGeneral",
            "label": "shall certify the amount to the attorney general for collection in the form and manner prescribed by the attorney general",
            "dutyHolderId": "Board",
            "claimantId": "AttorneyGeneral",
            "annotations": []
        }
    ]
}